#SampleID	State	Year	SiteAlias	SampleID2	newSampleID	Under	Collected-Date	WaterbodyName	Latitude	Longitude	COMID	US-L4CODE	US-L3CODE	DIST-Cat	CatAreaSqKm	WsAreaSqKm	BFICat	ElevCat	Na2OCat	Al2O3Cat	CaOCat	Fe2O3Cat	SiO2Cat	MgOCat	SCat	P2O5Cat	K2OCat	NCat	HydrlCondCat	CompStrgthCat	ICI-v2-1	PctImp2019Cat	AgKffactCat	KffactCat	PctGlacTilCrsCat	SN-2008Cat	NO3-2008Cat	InorgNWetDep-2008Cat	NH4-2008Cat	PctUrban2019Cat	PctForest2019Cat	PctAg2019Cat	PctWetland2019Cat	PctHay2019Cat	PctCrop2019Cat	NsurpCat	NANICat	PrecipCat	TmaxCat	TmeanCat	TminCat	MSST-Avg	RockNCat	RunoffCat	ClayCat	SandCat	WtDepCat	OmCat	PermCat	RckDepCat	sw-fluxCat	WaterInputCat	wdrw-LDCat	WetIndexCat	Temperature-DegC	SpecConductivity-msCm	DO	Tot-Alk	NO3NO2	Chloride	Chla-area	Color-app	TKN	TN	TP	Turbidity	TDS	Chla-conc	pH
PrimeRef-0363	MA	2025	PrimeRef-0363	PrimeRef-0363	PrimeRef_0363-2025	PrimeRef_0363	9/4/2025	Broad Brook	42.73553196	-73.20485698	22290363	58b	58	Ref	26.8353	26.8353	48	548.7819	1.4016	8.978	6.1156	3.7328	61.6548	3.9379	0.0189	0.1008	1.6462	0.0125	0.0573	190.5806	0.796806972	0.67	0.0038	0.3456	76.52	655.9561	12.7244	4.744	2.4169	1.12	92.89	1.05	2.21	1.05	0	30817.94987	25825.24545	1280.415115	11.83959806	6.557064674	-11.6264413	16.56443705	201.0717	714	7.1323	37.0689	120.9892	1.8001	6.0612	122.9154	410926	0.000015	4.2105	708.1333	15.2	197	10.11	95.6	0.16	4.9	0.0077	5	0.15	0.15	0.005	0.23	60	1.57	8.02
PrimeRef-0363-QC	MA	2025	PrimeRef-0363	PrimeRef-0363-QC	PrimeRef_0363_QC-2025	PrimeRef_0363_QC	9/4/2025	Broad Brook	42.73553196	-73.20485698	22290363	58b	58	Ref	26.8353	26.8353	48	548.7819	1.4016	8.978	6.1156	3.7328	61.6548	3.9379	0.0189	0.1008	1.6462	0.0125	0.0573	190.5806	0.796806972	0.67	0.0038	0.3456	76.52	655.9561	12.7244	4.744	2.4169	1.12	92.89	1.05	2.21	1.05	0	30817.94987	25825.24545	1280.415115	11.83959806	6.557064674	-11.6264413	16.56443705	201.0717	714	7.1323	37.0689	120.9892	1.8001	6.0612	122.9154	410926	0.000015	4.2105	708.1333	0	0	0	89.7	0.16	4.8	0.0072	2.5	0.15	0.15	0.005	0.1	72	1.46	7.98
PrimeRef-0379	MA	2025	PrimeRef-0379	PrimeRef-0379	PrimeRef_0379-2025	PrimeRef_0379	9/4/2025	Hemlock Brook	42.687532	-73.232741	22290379	58a	58	Ref	13.6485	13.6485	47.937	496.6911	0.9288	12.0913	6.3044	5.8601	52.7428	2.48	0.0505	0.122	2.7273	0.0463	0.0639	88.9848	0.7546041	0.49	0.0137	0.3	0	656.2181	12.6567	4.7364	2.4266	0.71	92.34	3.5	0.14	3.5	0	15497.75337	12550.96509	1247.912473	12.19243086	6.940870435	-11.58081765	16.65197515	193.2484	714	13.8914	24.3008	152.7297	0.888	5.2694	93.5733	410926	0.0000242	15.1123	647.8646	14.8	226	9.69	53.4	0.21	26	0.0036	5	0.15	0.15	0.031	1.6	78	0.72	7.76
PrimeRef-4614	MA	2025	PrimeRef-4614	PrimeRef-4614	PrimeRef_4614-2025	PrimeRef_4614	9/4/2025	Dunbar Brook	42.7045149	-72.95266602	10294614	58c	58	Ref	1.6128	28.0449	45.4699	458.8494	1.5712	14.0376	2.8546	7.0835	60.5349	2.8982	0.0475	0.1417	2.3252	0.0356	0.2134	95.2279	0.879588089	0.33	0	0.23	100	701.362	13.4503	5.0403	2.5879	0.89	98.38	0	0.17	0	0	1773.82997	1380.940522	1319.350257	12.0757667	6.585263772	-11.93046861	16.87525082	183.1385	862	5.8043	39.3933	149.7619	1.2599	8.7785	97.5848	403818	0	0	671.5843	14.6	59	9.9	11	0.2	6	0.0019	5	0.15	0.15	0.005	0.48	14	0.378	7.24
PrimeStrs-3779	MA	2025	PrimeStrs-3779	PrimeStrs-3779	PrimeStrs_3779-2025	PrimeStrs_3779	9/5/2025	Mill River	42.19325396	-70.95954158	5863779	59c	59	Strs	4.3632	16.2747	51.8828	38.4859	3.5389	15.0795	2.9675	3.7526	67.1391	1.3424	0.0366	0.1416	3.8616	0.0041	0.0003	180.3828	0.500532895	41.09	0.0005	0.1892	47.59	572.6695	10.1586	3.7918	1.9335	64.7	10.73	0.04	10.97	0.04	0	33123.55102	37652.03789	1263.62222	15.45458408	10.26888966	-7.015841569	21.12549067	7.1684	509	4.9828	55.6172	99.9526	1.4266	14.0508	138.654	2004387	0	0	882.3084	18.4	503	8.68	31.7	0.41	98	0.0011	56	0.723	1.1	0.053	4.2	270	0.232	7.23
PrimeRef-9677	MA	2025	PrimeRef-9677	PrimeRef-9677	PrimeRef_9677-2025	PrimeRef_9677	9/5/2025	Rattlesnake Brook	41.77254787	-71.08494839	6129677	59e	59	Ref	11.1537	11.1537	53.6287	48.1906	3.536	14.2744	1.39	1.9916	72.2866	0.4514	0.0303	0.1	4.4854	0.0036	0.0003	188.4991	0.826835702	1.2	0.0014	0.2143	18.72	603.1438	10.7152	4.0054	2.0472	1.89	76.72	0.38	17.91	0.38	0	15970.28235	14092.04343	1242.832602	15.54421831	10.69297107	-6.430864274	19.92218865	14.8901	668.6713	5.7311	50.1691	84.8547	0.8202	10.0189	140.4699	1206994.013	0.0000352	4.4865	828.5827	18.9	44.1	9.03	4.58	0.05	4.8	0.0052	66	0.523	0.52	0.021	0.77	41	1.05	6.84
PrimeRef-9677-QC	MA	2025	PrimeRef-9677	PrimeRef-9677-QC	PrimeRef_9677_QC-2025	PrimeRef_9677_QC	9/5/2025	Rattlesnake Brook	41.77254787	-71.08494839	6129677	59e	59	Ref	11.1537	11.1537	53.6287	48.1906	3.536	14.2744	1.39	1.9916	72.2866	0.4514	0.0303	0.1	4.4854	0.0036	0.0003	188.4991	0.826835702	1.2	0.0014	0.2143	18.72	603.1438	10.7152	4.0054	2.0472	1.89	76.72	0.38	17.91	0.38	0	15970.28235	14092.04343	1242.832602	15.54421831	10.69297107	-6.430864274	19.92218865	14.8901	668.6713	5.7311	50.1691	84.8547	0.8202	10.0189	140.4699	1206994.013	0.0000352	4.4865	828.5827	0	0	0	3.66	0.05	4.8	0.0039	76	0.486	0.49	0.019	0.73	42	0.783	6.83
OverStrs-8635	MA	2025	OverStrs-8635	OverStrs-8635	OverStrs_8635-2025	OverStrs_8635	9/5/2025	Segreganset River	41.83523239	-71.13593516	6128635	59e	59	Strs	1.1619	28.116	49.1898	13.3207	1.0791	8.7641	1.4054	2.9556	64.0112	1.3013	0.2169	0.1263	1.6136	0.1243	0.1677	78.6861	0.604854108	7.44	0.021	0.215	86.13	580.4352	10.3757	3.8812	1.9859	15.42	37.26	5.27	32.84	5.27	0	2544.223472	2479.983657	1239.324453	15.68970168	10.34425358	-7.176607189	20.55161443	8.2841	668	4.4726	57.6372	104.1782	0.8757	18.2899	142.5469	1206491	0.0000721	88.0936	893.1015	18.8	244	8.45	26.6	1.3	37	0.003	23	1.08	2.4	0.068	0.43	130	0.606	6.77
OverStrs-9519	MA	2025	OverStrs-9519	OverStrs-9519	OverStrs_9519-2025	OverStrs_9519	9/6/2025	Wading River	41.9471012	-71.1769499	6129519	59e	59	Strs	1.08	113.0418	55.5467	24.5113	1.0791	8.7641	1.4054	2.9556	64.0112	1.3013	0.2169	0.1263	1.6136	0.1243	0.1677	78.6861	0.759749949	5.03	0.0066	0.1859	0	587.9281	10.5959	3.9658	2.0309	9.25	55.5	0.17	31.25	0.17	0	2729.520005	2748.79646	1265.045855	15.75768666	10.05206074	-7.598916572	20.51164185	8.2623	668	2.35	72.0147	136.77	0.96	32.24	146.05	1206491	0	0	908.8158	20.3	367	8.09	35.9	0.05	69	0.0046	23	0.607	0.61	0.012	0.81	190	0.94	7.09
PrimeStrs-6989	MA	2025	PrimeStrs-6989	PrimeStrs-6989	PrimeStrs_6989-2025	PrimeStrs_6989	9/6/2025	Massapoag Brook	42.120516	-71.164263	5866989	59c	59	Strs	3.7656	14.2785	55.3786	71.7904	3.5146	14.8763	2.7265	3.4838	68.1092	1.2353	0.0349	0.1326	3.8684	0.0041	0.0008	185.4273	0.651496901	13.62	0.0016	0.1912	20.36	578.194	10.4243	3.902	1.9986	27.2	36.64	0.67	16.85	0.67	0	17380.21559	19088.30806	1271.296228	15.46055785	9.817839135	-7.563025753	19.06455343	7.3063	509	3.6644	64.2214	117.1195	0.992	23.4712	143.5753	2004387	0.000035	17.8844	819.907	21.6	223	8.4	17.2	0.05	39	0.0032	13	0.472	0.47	0.014	0.77	140	0.649	7.32
PrimeStrs-4305	MA	2025	PrimeStrs-4305	PrimeStrs-4305	PrimeStrs_4305-2025	PrimeStrs_4305	9/6/2025	Cady Brook	42.144748	-71.993801	6144305	59c	59	Strs	13.0239	13.0239	53.7435	258.7962	2.278	14.2068	4.367	6.6435	60.4385	2.6569	0.04	0.15	1.9785	0.0402	0.2989	110.4507	0.512982782	9.2	0.0279	0.2197	99.79	680.0235	12.6397	4.7693	2.4744	17.33	47.13	7.76	11.53	7.55	0.21	29681.96862	28952.57904	1248.535592	13.90883404	8.732200865	-9.438069279	18.43074989	89.8852	689	6.44	45.6692	73.97	0.79	5.36	139.3	393420.4231	0.000254381	373.8856	788.1667	20.4	637	8.22	30.8	0.15	140	0.0045	14	0.453	0.6	0.01	0.54	300	0.914	6.91
PrimeStrs-8803	MA	2025	PrimeStrs-8803	PrimeStrs-8803	PrimeStrs_8803-2025	PrimeStrs_8803	9/7/2025	West Branch Westfield River	42.332167	-73.074457	6098803	58c	58	Strs	4.5603	60.0759	43.09	430.713	2.4087	13.8391	2.4396	5.1666	67.328	1.7877	0.0311	0.1301	2.678	0.0089	0.1643	133.2324	0.806636814	0.59	0.0036	0.23	100	751.8628	14.1249	5.3243	2.758	0.99	89.38	1.22	4.15	1.22	0	5361.469319	4292.043912	1289.674023	12.90215144	7.110907551	-11.29407919	18.66670073	135.5418	711	5.8515	39.7557	143.5773	1.3763	8.2272	101.3756	561412	0.0000023	4.4927	721.4969	14.6	9.51	143	42.5	0.05	12	0.0027	18	0.354	0.35	0.005	0.44	78	0.544	7.58
PrimeRef-7271	MA	2025	PrimeRef-7271	PrimeRef-7271	PrimeRef_7271-2025	PrimeRef_7271	9/7/2025	Sanderson Brook	42.25418274	-72.94869942	6097271	58e	58	Ref	1.8342	11.4003	44	312.5597	1.4131	12.3484	2.3992	6.7274	64.4494	2.791	0.0359	0.1284	1.8629	0.0224	0.1584	150.633	0.804893815	0.22	0.0005	0.223	100	798.7787	14.9413	5.6321	2.9178	0.39	95.58	0	0.29	0	0	2011.784545	1644.075547	1260.328357	13.95388432	7.790166562	-11.5288028	17.47503641	141.5385	711	5.9521	42.3829	119.7318	0.6926	6.9735	106.1554	561412	0.00000222	20.2176	654.2556	14.9	98.8	9.94	18.5	0.1	15	0.0062	11	0.15	0.15	0.005	0.31	96	1.25	7.47
PrimeStrs-8803-QC	MA	2025	PrimeStrs-8803	PrimeStrs-8803-QC	PrimeStrs_8803_QC-2025	PrimeStrs_8803_QC	9/7/2025	West Branch Westfield River	42.332167	-73.074457	6098803	58c	58	Strs	4.5603	60.0759	43.09	430.713	2.4087	13.8391	2.4396	5.1666	67.328	1.7877	0.0311	0.1301	2.678	0.0089	0.1643	133.2324	0.806636814	0.59	0.0036	0.23	100	751.8628	14.1249	5.3243	2.758	0.99	89.38	1.22	4.15	1.22	0	5361.469319	4292.043912	1289.674023	12.90215144	7.110907551	-11.29407919	18.66670073	135.5418	711	5.8515	39.7557	143.5773	1.3763	8.2272	101.3756	561412	0.0000023	4.4927	721.4969	0	0	0	43.3	0.05	15	0.0054	19	0.342	0.34	0.005	0.48	91	1.1	7.65
PrimeStrs-1863	MA	2025	PrimeStrs-1863	PrimeStrs-1863	PrimeStrs_1863-2025	PrimeStrs_1863	9/7/2025	North Branch Manhan River	42.29977505	-72.74292555	6781863	58e	58	Strs	1.386	32.3487	47.5948	141.343	1.4559	11.8381	8.2467	5.9164	51.4242	2.752	0.059	0.1328	1.9504	0.0315	0.2395	93.3819	0.362900516	1.75	0.0806	0.2199	79.74	677.9776	12.6431	4.7841	2.4937	3.51	54.48	29.8	9.42	27.92	1.88	4133.407134	3915.990804	1199.520235	14.86759576	8.741569416	-10.8411036	19.13047214	156.6622	616	6.44	45.6627	73.97	0.79	5.36	139.3	385693	0.000107937	121.1688	813.6734	15.8	140.2	9.82	29.7	0.47	19	0.0008	18	0.4	0.87	0.013	1	100	0.165	7.45
PrimeStrs-97435	MA	2025	PrimeStrs-97435	PrimeStrs-97435	PrimeStrs_97435-2025	PrimeStrs_97435	9/7/2025	Westfield River	42.15510819	-72.81341348	6097435	58e	58	Strs	7.2702	919.3203	43.9432	96.9889	0.854	11.0633	1.1593	4.1904	67.871	1.7373	0.0571	0.1258	2.4895	0.0549	0.1316	95.5135	0.382899502	6.6	0.0412	0.2238	47.72	700.3035	13.0371	4.9183	2.5514	12.71	52.2	17.29	2.7	5.29	12	21122.3984	22007.01061	1215.196442	15.24638364	9.401662334	-9.704419263	23.03194453	148.7696	711	2.9309	65.9867	129.3733	0.9263	28.5618	146.0562	561412	0.000457437	1012.8556	839.502	20	158.2	10.18	29.1	0.15	25	0.0006	11	0.338	0.49	0.012	0.62	100	0.123	7.79
PrimeRef-2325	MA	2025	PrimeRef-2325	PrimeRef-2325	PrimeRef_2325-2025	PrimeRef_2325	9/5/2025	Unnamed Tributary	42.62248944	-71.02018566	5862325	59h	59	Ref	4.2381	4.2381	54.8528	33.321	3.5367	16.2515	5.1597	5.591	62.1231	2.4459	0.0319	0.1857	1.885	0.0066	0.0037	172.3912	0.826285215	0.79	0.0026	0.1827	100	599.4772	10.8938	4.0676	2.076	1.55	63.52	0.4	31.13	0.4	0	8574.501369	8152.487286	1240.007463	15.02160962	9.503704301	-8.176343223	18.64863091	14.3847	509	6.3871	49.637	117.1141	1.0114	10.2564	116.5482	2004387	0.00000947	47.5259	827.6581	16.9	165.3	2.81	40.4	0.05	8.9	0.0022	120	1.11	1.1	0.063	9.8	79	0.352	6.6
OverStrs-6365	MA	2025	OverStrs-6365	OverStrs-6365	OverStrs_6365-2025	OverStrs_6365	9/5/2025	Horn Pond Brook	42.4611599	-71.149215	5866365	59d	59	Strs	2.7468	40.4433	54.8139	29.0436	3.0203	15.8607	7.7203	8.98	53.7566	4.7733	0.0547	0.2186	1.2503	0.0099	0.4574	193.3754	0.384118117	64.38	0.0014	0.1852	83.72	613.1938	11.1152	4.1606	2.1317	91.45	2.53	0	0	0	0	37977.02285	45894.24673	1268.617585	15.22602644	9.784422969	-7.868676402	19.76305588	6.7363	509	2.589	67.6133	133.0742	0.9342	30.6677	142.6716	2004387	0.0000121	9.6267	828.1687	18.6	1328	7.53	68.2	0.94	340	0.0075	26	0.784	1.7	0.048	3.1	1000	1.34	7.12
PrimeStrs-7435	MA	2025	PrimeStrs-7435	PrimeStrs-7435	PrimeStrs_7435-2025	PrimeStrs_7435	9/5/2025	Charles River	42.258074	-71.262729	5867435	59d	59	Strs	3.7476	476.8776	58.4604	45.2238	3.2958	15.0922	5.6681	7.0191	60.1469	3.6063	0.0262	0.2271	2.4728	0.009	0.4053	148.4034	0.610216571	6.38	0.0115	0.18	26.61	581.9047	10.5858	3.9667	2.0354	13.42	58.57	2.57	13.19	2.57	0	12689.82904	13171.44527	1249.263117	15.70451759	9.754924097	-7.789409287	21.32290375	15.5266	509	7.2	45.99	127.1	0.77	8.09	103.16	2004387	0.00018386	92.8465	809.6263	22.7	650	8.31	46.7	0.57	120	0.001	28	1.15	1.7	0.021	0.97	300	0.164	7.72
PrimeRef-6366	MA	2025	PrimeRef-6366	PrimeRef-6366	PrimeRef_6366-2025	PrimeRef_6366	9/6/2025	Tinkerville Brook	42.0170032	-71.7207131	6116366	59c	59	Ref	4.1778	13.9194	51.9834	164.904	3.1329	14.5333	4.1889	5.5876	64.71	2.499	0.0222	0.121	2.8038	0.003	0.0082	175.5256	0.790890536	1.16	0.0078	0.2331	96.85	626.2503	11.6358	4.3709	2.2511	2.22	79.58	2.52	7.99	2.52	0	6649.938865	6104.237328	1259.448967	14.81162479	9.297794246	-9.440736616	20.3512707	94.3218	700	6.1578	48.1696	114.8788	2.9556	10.1242	135.0101	776153	0.0000286	127.6161	821.5358	19.4	109.4	7.55	12.3	0.18	19	0.0012	43	0.547	0.73	0.013	1.4	72	0.252	7.18
PrimeStrs-4829	MA	2025	PrimeStrs-4829	PrimeStrs-4829	PrimeStrs_4829-2025	PrimeStrs_4829	9/6/2025	French River	42.046598	-71.886958	6144829	59c	59	Strs	3.4353	155.9394	52	147.2053	2.775	14.2015	4.9374	4.3676	63.1351	1.8015	0.0385	0.1323	2.7486	0.0131	0.0801	131.4253	0.437321378	50.09	0	0.1814	19.47	651.8586	12.1511	4.5688	2.3564	71.58	16.53	0	1.67	0	0	34404.39386	42414.70723	1204.424423	14.91188011	8.995437365	-10.30678559	20.85157979	86.1388	689	2.3535	71.4584	136.7218	0.9606	32.2161	146.0415	393382	0	0	814.5303	20.4	356	7.68	33.9	0.33	62	0.0015	16	0.496	0.83	0.017	0.83	170	0.303	6.78
PrimeStrs-4293	MA	2025	PrimeStrs-4293	PrimeStrs-4293	PrimeStrs_4293-2025	PrimeStrs_4293	9/6/2025	French River	42.1629	-71.8879	6144293	59c	59	Strs	4.7124	62.2989	53	208.4158	2.6105	14.809	2.0806	4.573	65.9404	1.5963	0.0461	0.1272	3.1195	0.0296	0.0052	136.4775	0.60328666	15.14	0.01	0.1984	31.17	671.6083	12.4728	4.6997	2.4327	24.88	53.93	2.81	4.98	2.81	0	10771.23661	10719.48508	1236.044983	14.35434096	8.821166517	-10.10683723	19.85850592	88.7032	690.292	5.0154	54.9383	97.6235	1.1378	14.2873	140.6298	394113.0371	0.0000332	133.3734	794.4383	18.7	490.5	9.05	44.8	0.16	80	0.0033	28	0.515	0.68	0.018	1.2	300	0.66	7.32
PrimeStrs-6327	MA	2025	PrimeStrs-6327	PrimeStrs-6327	PrimeStrs_6327-2025	PrimeStrs_6327	9/6/2025	Kettle Brook	42.24010242	-71.879113	166196327	59b	59	Strs	0.9639	17.7741	53.1279	234.6711	2.2759	14.2075	4.36	6.645	60.4379	2.6575	0.04	0.15	1.98	0.0402	0.2988	110.3559	0.626994461	13.16	0	0.22	100	669.3221	12.4177	4.6845	2.4295	25.77	43.04	0.37	12.51	0.37	0	2905.718626	2959.38028	1228.691061	14.05303759	8.852309339	-9.740429315	18.38496729	93.0232	700	6.44	45.8002	73.97	0.79	5.36	139.3	776153	0	0	780.5612	20.3	304	8.07	28.5	0.12	62	0.0014	28	0.43	0.55	0.022	0.83	240	0.287	7.21
PrimeStrs-7147	MA	2025	PrimeStrs-7147	PrimeStrs-7147	PrimeStrs_7147-2025	PrimeStrs_7147	9/7/2025	West Branch Farmington River	42.070446	-73.061886	6107147	58d	58	Strs	9.027	246.3444	44.3426	377.0776	3.1267	14.3268	3.4133	4.6566	66.6597	1.6847	0.0182	0.1304	2.6169	0.0117	0.4783	152.5295	0.802854432	0.43	0.0067	0.23	67.56	710.3412	13.2159	4.9977	2.601	0.89	87.57	2.32	4.43	2.32	0	10240.68438	8291.151129	1298.334224	13.42667129	7.700398203	-11.49795612	21.00451597	136.994	697	6.0327	40.9477	119.8292	1.8095	6.1105	115.9318	690776	0.0000242	38.8994	728.5183	16.2	149.5	9.69	31	0.05	20	0.0012	36	0.41	0.41	0.014	1.2	75	0.245	7.58
PrimeRef-5379	MA	2025	PrimeRef-5379	PrimeRef-5379	PrimeRef_5379-2025	PrimeRef_5379	9/7/2025	Valley Brook	42.08197453	-72.9096246	6105379	58e	58	Ref	7.2927	7.2927	45.7232	362.9747	1.4849	12.5323	2.7128	5.102	65.0952	2.1431	0.0549	0.1389	2.3585	0.0494	0.177	96.6135	0.817753487	0.22	0.0023	0.26	100	716.4805	13.3443	5.0261	2.6005	0.37	93.15	0.87	2.54	0.77	0.1	8014.494971	6536.844497	1325.212103	13.52530619	7.629512792	-11.59476773	17.33741643	134.4442	699.3826	5.73	41	140.4	0.64	7.69	91.06	690281.0865	0.0000214	51.5762	730.1491	14.7	34.7	9.68	10.7	0.05	1.2	0.0013	58	0.341	0.34	0.023	1.3	48	0.254	7.35
PrimeRef-6395	MA	2025	PrimeRef-6395	PrimeRef-6395	PrimeRef_6395-2025	PrimeRef_6395	9/7/2025	Pond Brook	42.16782704	-72.94935172	6096395	58e	58	Ref	3.1122	28.0854	43	374.9245	1.3825	13.1072	2.7973	6.7112	61.7805	3.0205	0.0521	0.1356	2.1844	0.0422	0.1552	101.1656	0.883535441	0.08	0	0.2592	100	748.2663	13.9671	5.2618	2.7234	0.09	94.97	0.06	2.81	0.06	0	3101.940597	2447.27446	1339.024392	13.42648586	7.524487492	-11.59855445	18.33219682	131.1593	711	5.73	41.0158	140.4	0.64	7.69	91.06	561412	0	0	747.5804	15.5	59.6	10	21.6	0.05	3.2	0.0066	26	0.424	0.42	0.02	0.56	50	1.14	7.55
OverStrs-6971	MA	2025	OverStrs-6971	OverStrs-6971	OverStrs_6971-2025	OverStrs_6971	9/8/2025	Quinebaug River	42.067394	-72.007756	6146971	59c	59	Strs	0.9279	366.9768	51.064	148.969	2.4517	14.2577	3.9978	6.1652	62.0108	2.3832	0.0348	0.1448	2.1482	0.0345	0.2519	117.5419	0.558415499	14.4	0.0196	0.22	100	669.3823	12.4859	4.6981	2.4261	25.71	51.8	2.52	4.75	2.52	0	1980.862554	1911.562367	1266.918136	14.86170581	8.899809194	-9.865373474	21.44139571	89.3936	689	4.3556	57.486	136.6091	1.9746	23.4831	143.0945	393382	0.0000109	229.0073	797.5364	17.6	338.3	9.82	26.1	0.82	62	0.0015	36	0.428	1.2	0.024	2.1	180	0.299	7.45
MassExtra-Ref-8749	MA	2025	MassExtra-Ref-8749	MassExtra-Ref-8749	MassExtra_Ref_8749-2025	MassExtra_Ref_8749	9/8/2025	Trout Brook	42.383816	-71.837751	6078749	59h	59	Ref	4.4613	17.8578	52.1755	202.7211	2.7631	14.3572	1.392	3.9287	67.7348	1.2963	0.0349	0.1168	3.511	0.0204	0.0494	137.8822	0.777583948	1.7	0.0084	0.2025	0	677.0109	12.5528	4.7411	2.4638	3.57	80.05	1.88	11.3	1.88	0	6568.092458	6028.378089	1211.582826	14.37146868	8.71176629	-10.51315323	18.56742299	101.8681	494	3.8335	62.4824	113.9912	0.8988	22.4901	143.6016	594044	0.0000256	106.6665	786.8414	14.2	130.9	10.08	11.8	0.05	24	0.0018	34	0.439	0.44	0.024	1.6	110	0.369	7.16
PrimeStrs-5837	MA	2025	PrimeStrs-5837	PrimeStrs-5837	PrimeStrs_5837-2025	PrimeStrs_5837	9/8/2025	Fall Brook	42.51134515	-71.73723243	6075837	59h	59	Strs	4.194	19.359	53	128.4281	2.2759	14.2075	4.36	6.645	60.4379	2.6575	0.04	0.15	1.98	0.0402	0.2988	110.3559	0.477666427	43.13	0.0046	0.1956	19.12	621.8107	11.5235	4.3448	2.2518	67.96	13.82	0.9	6.85	0.79	0.11	19511.83117	22079.22744	1179.776369	15.02993866	9.102670299	-10.23487127	18.19648519	87.0027	494	3.6582	63.936	116.6793	0.9039	23.6426	143.5729	594044	0.0000117	50.6666	789.1663	15	649	10.12	35.8	0.73	150	0.0035	12	0.15	0.73	0.013	0.5	360	0.713	7.36
PrimeRef-0065	MA	2025	PrimeRef-0065	PrimeRef-0065	PrimeRef_0065-2025	PrimeRef_0065	9/8/2025	East Branch Swift River	42.44333962	-72.18730625	7690065	59b	59	Ref	1.9359	73.5624	48.8749	226.1599	2.5972	14.6704	2.5032	5.4261	65.9271	1.9618	0.0341	0.1339	2.7584	0.0206	0.0875	125.3006	0.8302204	0.38	0.0006	0.1956	83.03	699.7318	13.0019	4.9473	2.6014	0.56	90.01	0.33	3.02	0.33	0	2001.855587	1601.220621	1212.718156	14.08753672	7.99653857	-11.16787553	19.61758569	100.5141	469	5.6243	51.4669	88.5845	1.1735	10.209	139.4463	439717	0.000000966	9.276	729.7685	16.8	80.7	9.61	13.4	0.05	13	0.0029	32	0.404	0.4	0.029	0.73	60	0.597	7.41
OverRef-7631	MA	2025	OverRef-7631	OverRef-7631	OverRef_7631-2025	OverRef_7631	9/8/2025	Stevens Brook	42.0580156	-72.18483273	6147631	59b	59	Ref	9.3429	9.3429	52.8194	301.8062	2.0521	14.955	4.1591	7.5524	61.0735	3.2982	0.0624	0.1598	2.1864	0.031	0.1743	110.0888	0.766982201	0.45	0.0084	0.2002	100	668.9284	12.4593	4.6942	2.4293	0.75	80.35	3.42	9	2.4	1.02	13658.37656	12279.91313	1284.87036	13.62743352	8.617253988	-9.771678968	17.50109969	29.5302	688.5334	5.6787	48.6095	131.6789	1.4113	10.9742	129.7542	393382.5125	0.0000962	137.6568	745.1664	14.3	105.6	10.22	9.94	0.05	16	0.0015	37	0.676	0.68	0.02	2.2	98	0.309	7.23
PrimeStrs-7587	MA	2025	PrimeStrs-7587	PrimeStrs-7587	PrimeStrs_7587-2025	PrimeStrs_7587	9/8/2025	Quinebaug River	42.109561	-72.118569	6147587	59b	59	Strs	3.6162	165.2166	53.3444	225.2441	1.9657	15.0865	4.0599	7.8347	61.084	3.4868	0.0694	0.1688	2.1798	0.0318	0.2099	103.5209	0.533350754	9.93	0.0145	0.2162	100	676.4711	12.591	4.749	2.462	17.79	60.23	4.9	6.77	4.9	0	7713.772019	7706.421759	1241.719885	14.26699873	8.62468041	-9.998382357	20.76884219	96.3314	689	6.4267	45.7771	74.8274	0.7885	5.4416	139.1396	393382	0.0000396	208.5645	741.8136	21.4	159.6	8.85	17.1	0.05	28	0.0021	33	0.524	0.52	0.016	1.6	94	0.424	7.31
PrimeStrs-8297	MA	2025	PrimeStrs-8297	PrimeStrs-8297	PrimeStrs_8297-2025	PrimeStrs_8297	9/8/2025	Turkey Hill Brook	42.26298	-71.99318	7688297	59b	59	Strs	3.1095	44.2134	52.9395	257.0947	2.2082	14.2256	4.1516	6.6727	60.389	2.6635	0.0408	0.1491	2.0409	0.0409	0.2888	107.9845	0.565493451	3.32	0.0366	0.2034	59.07	672.3617	12.4841	4.7224	2.46	6.8	63.59	14.53	4.4	14.53	0	7460.791587	7262.971998	1226.567933	13.90039436	8.538305808	-10.00567283	19.22628038	95.5063	469	6.4116	46.9585	74.4062	0.7912	5.5467	139.3469	439717	0.0000949	573.6512	744.0865	18.3	157.3	9.4	19.1	0.05	25	0.0025	37	0.547	0.55	0.014	0.82	100	0.508	7.38
PrimeRef-8541	MA	2025	PrimeRef-8541	PrimeRef-8541	PrimeRef_8541-2025	PrimeRef_8541	9/9/2025	Mill Brook	42.70281576	-72.45189591	6778541	59a	59	Ref	24.5925	24.5925	48.6854	254.1454	2.6456	13.6498	3.4293	4.7765	66.0114	1.7304	0.0238	0.1276	2.4966	0.0145	0.0902	139.1552	0.787566908	1.56	0.0043	0.2234	85.14	651.1421	12.1692	4.6043	2.3997	3.2	83.55	2.25	5.88	2.14	0.11	25663.85258	21353.24952	1201.219128	13.95706656	7.941192411	-11.81548025	18.68642803	52.4656	616.9909	4.3646	52.8026	145.4536	2.8617	12.0766	134.1448	385619.369	0.000249775	20.12	751.8795	12.9	124.2	9.56	20.9	0.54	15	0.002	22	0.15	0.54	0.013	1.5	89	0.4	7.11
PrimeStrs-8773	MA	2025	PrimeStrs-8773	PrimeStrs-8773	PrimeStrs_8773-2025	PrimeStrs_8773	9/9/2025	Not Available	42.6447477	-72.5432393	6778773	59a	59	Strs	8.8263	91.2384	48.2285	116.7283	0.711	10.0789	1.4829	3.2704	69.4994	1.5111	0.0905	0.1333	2.4488	0.0665	0.1284	87.3092	0.513081736	3.31	0.0332	0.1886	100	643.7124	12.0518	4.5581	2.3742	6.93	69.22	15.28	2.79	14.88	0.4	17219.46254	16100.28012	1206.847561	14.5510708	8.301585211	-10.98004496	19.81188964	121.8387	642.2129	6.195	50.5946	119.8379	0.5713	13.024	120.8397	385724.4189	0.000698637	157.5379	724.1947	13.8	355.3	10.29	28.6	0.68	75	0.0023	5	0.15	0.68	0.005	0.3	180	0.457	7.24
PrimeStrs-8773-QC	MA	2025	PrimeStrs-8773	PrimeStrs-8773-QC	PrimeStrs_8773_QC-2025	PrimeStrs_8773_QC	9/9/2025	Not Available	42.6447477	-72.5432393	6778773	59a	59	Strs	8.8263	91.2384	48.2285	116.7283	0.711	10.0789	1.4829	3.2704	69.4994	1.5111	0.0905	0.1333	2.4488	0.0665	0.1284	87.3092	0.513081736	3.31	0.0332	0.1886	100	643.7124	12.0518	4.5581	2.3742	6.93	69.22	15.28	2.79	14.88	0.4	17219.46254	16100.28012	1206.847561	14.5510708	8.301585211	-10.98004496	19.81188964	121.8387	642.2129	6.195	50.5946	119.8379	0.5713	13.024	120.8397	385724.4189	0.000698637	157.5379	724.1947	0	0	0	27.9	0.69	75	0.0035	6	0.15	0.69	0.005	0.32	200	0.701	7.21
OverRef-3809	MA	2025	OverRef-3809	OverRef-3809	OverRef_3809-2025	OverRef_3809	9/9/2025	Lyons Brook	42.572243	-72.463848	9343809	58g	58	Ref	6.2712	9.297	47.7989	271.5457	2.7353	13.04	1.8518	3.8657	71.1976	1.0697	0.01	0.1152	2.6004	0.0033	0.0275	173.9847	0.785929442	0.65	0.006	0.19	100	700.4354	13.0449	4.9549	2.5982	1.16	87.99	2.96	1.72	2.96	0	7373.969924	6298.252058	1245.152497	13.70981504	7.732556085	-11.71785301	17.60456201	134.7755	639.712	4.99	55.7	99.95	1.45	13.98	139.56	302041.465	0.0000849	27.8158	723.9501	13.7	58.2	10.08	11.1	0.05	7.9	0.0022	17	0.428	0.43	0.005	0.36	60	0.437	7.35
PrimeRef-1781	MA	2025	PrimeRef-1781	PrimeRef-1781	PrimeRef_1781-2025	PrimeRef_1781	9/9/2025	Roaring Brook	42.45007437	-72.45260735	6781781	58g	58	Ref	11.0718	11.0718	48.9757	323.559	2.2031	12.5906	1.5558	4.5155	69.9974	1.4172	0.032	0.1176	2.4137	0.0064	0.0731	164.2468	0.802981274	1.01	0.0018	0.19	100	781.5392	14.5245	5.5328	2.9143	1.82	84.83	0.59	6.37	0.59	0	12370.55945	10298.91396	1279.182383	13.5865904	7.267621669	-11.19830916	18.04877669	136.4829	595.2441	4.99	55.7	99.95	1.45	13.98	139.56	385750.0893	0.0000465	8.8623	793.5417	12.5	104.4	10.34	13.2	0.37	17	0.0015	14	0.316	0.69	0.005	0.35	79	0.298	7.25
PrimeRef-8122	MA	2025	PrimeRef-8122	PrimeRef-8122	PrimeRef_8122-2025	PrimeRef_8122	9/9/2025	Temple Brook	42.051278	-72.384923	7698122	59b	59	Ref	1.7784	10.9188	56	159.6636	3.1904	14.1688	2.8858	3.9511	68.3641	1.1866	0.0118	0.1196	2.842	0.0067	0.0272	153.5265	0.747588381	1.15	0.0102	0.22	40.64	676.5887	12.5687	4.7428	2.461	2.48	79.05	1.82	9.26	1.67	0.15	2933.792059	2725.52124	1209.959986	14.7562551	9.012873823	-9.628998097	17.6730686	16.3002	679	6.4246	46.1763	74.2461	0.7977	5.4516	139.3028	857306	0.0000297	268.0971	745.7707	12.5	117.6	10.47	17.1	0.2	15	0.0023	31	0.461	0.66	0.013	1.1	88	0.461	7.37
PrimeRef-0783	MA	2025	PrimeRef-0783	PrimeRef-0783	PrimeRef_0783-2025	PrimeRef_0783	9/9/2025	Twelvemile Brook	42.1086	-72.357668	7690783	59b	59	Ref	1.0314	4.1877	55.4965	206.6258	3.0207	13.6559	3.8702	4.1076	66.4504	1.3825	0.0146	0.1189	2.6592	0.0066	0.0301	155.5598	0.768074855	2.4	0.0003	0.1904	65.79	682.6263	12.6832	4.7963	2.4973	4.19	62.99	0.09	3.49	0.09	0	1647.366838	1525.587759	1214.733027	14.46062815	8.775458973	-9.5	16.8335002	15.7927	471.9319	4.99	55.6511	99.95	1.45	13.98	139.56	439717	0	0	737.5916	14.1	168.3	10	13.6	0.18	28	0.0013	74	0.515	0.7	0.022	1.8	99	0.268	7.27
OverStrs-1871	MA	2025	OverStrs-1871	OverStrs-1871	OverStrs_1871-2025	OverStrs_1871	9/9/2025	Lampson Brook	42.28189876	-72.42726497	6781871	59b	59	Strs	1.6317	5.0418	51.8538	107.5001	2.0528	11.9608	3.1471	4.2876	67.2698	2.2503	0.022	0.1126	2.46	0.0204	0.0183	138.2473	0.378097474	0.79	0.0421	0.1874	100	742.7632	13.8021	5.252	2.7618	1.77	51.24	15.95	26.59	12.36	3.59	5384.546273	5444.066856	1188.019726	15.16153041	9.122102045	-10.1275788	18.87605204	129.094	616	4.5051	58.5731	106.7129	1.3524	17.3339	140.752	385693	0.000061	57.5642	860.8605	16.3	623	9.46	72.2	0.35	71	0.0025	22	0.661	1	0.132	0.73	250	0.514	7.58
OverRef-0897	MA	2025	OverRef-0897	OverRef-0897	OverRef_0897-2025	OverRef_0897	9/9/2025	Amethyst Brook	42.38033448	-72.46510155	6780897	59a	59	Ref	2.5488	24.7239	50.4177	127.3572	1.9354	11.6634	1.8594	4.1121	70.6445	1.4363	0.0225	0.12	2.2806	0.0169	0.0575	167.7623	0.711192072	2.69	0.0044	0.1852	0	778.139	14.4604	5.5081	2.9011	5.3	73.69	3.07	7.06	2.61	0.46	3826.048717	3564.455701	1201.525302	14.90779503	8.729700312	-10.60363693	19.42932387	144.8479	616	2.8562	67.6499	129.7102	1.0574	28.7389	144.8056	385693	0.0000132	8.0467	767.1638	15	140.6	9.84	18.2	0.17	23	0.0051	19	0.368	0.54	0.01	0.47	90	1.04	7.42
OverStrs-0879	MA	2025	OverStrs-0879	OverStrs-0879	OverStrs_0879-2025	OverStrs_0879	9/10/2025	West Branch Mill River	42.39176	-72.72723	6780865	58e	58	Strs	0.9027	33.7077	46	205.632	1.3302	12.4846	5.4718	6.1646	55.4726	2.6493	0.0537	0.1314	2.2601	0.0363	0.1897	95.4631	0.507892253	10.31	0.0083	0.189	16.65	688.9701	12.8626	4.8687	2.5391	18.54	66.6	5.28	1.1	5.28	0	1311.965166	1167.187807	1240.321993	14.38400298	8.178564096	-11.49571285	17.97753586	146.2614	616	3.6875	60.9261	116.2332	0.9036	23.4497	143.8426	385693	0.00000813	14.4882	718.2772	14.2	157	10.54	31.8	0.12	24	0.0072	8	0.37	0.49	0.021	0.4	100	1.46	7.22
PrimeStrs-0917	MA	2025	PrimeStrs-0917	PrimeStrs-0917	PrimeStrs_0917-2025	PrimeStrs_0917	9/10/2025	Fort River	42.37683842	-72.49492563	6780917	59a	59	Strs	6.1533	59.8158	50.2608	66.4716	0.6966	10.167	1.272	3.0595	69.6124	1.3985	0.0617	0.1241	2.5694	0.0672	0.0945	86.7232	0.4294165	17.41	0.0328	0.2773	0	755.7711	14.0472	5.3483	2.815	31.08	17.94	10.78	21.91	9.87	0.91	31957.40073	36913.42439	1180.630745	15.3191877	9.204002901	-10.16504334	20.30914348	127.1334	616	10.172	51.3179	99.158	1.258	18.9087	146.6493	385693	0.000148677	37.0021	902.8975	13.6	160.2	9.39	24.2	0.19	21	0.0014	22	0.532	0.72	0.01	1.3	91	0.275	6.91
W1057	MA	2025	W1057	W1057	W1057_2025	W1057	Not Available	Not Available	Not Available	Not Available	Not Available	Not Available	Not Available	Not Available	Not Available	Not Available	Not Available	Not Available	Not Available	Not Available	Not Available	Not Available	Not Available	Not Available	Not Available	Not Available	Not Available	Not Available	Not Available	Not Available	Not Available	Not Available	Not Available	Not Available	Not Available	Not Available	Not Available	Not Available	Not Available	Not Available	Not Available	Not Available	Not Available	Not Available	Not Available	Not Available	Not Available	Not Available	Not Available	Not Available	Not Available	Not Available	Not Available	Not Available	Not Available	Not Available	Not Available	Not Available	Not Available	Not Available	Not Available	Not Available	Not Available	Not Available	Not Available	Not Available	Not Available	Not Available	Not Available	Not Available	Not Available	Not Available	Not Available	Not Available	Not Available	Not Available	Not Available	Not Available	Not Available
