#SampleID	State	Year	SiteAlias	SampleID2	Newname	Under	Waterbody
PrimeRef-0363	MA	2025	PrimeRef-0363	PrimeRef-0363	PrimeRef_0363-2025	PrimeRef_0363	Broad Brook
PrimeRef-0363-QC	MA	2025	PrimeRef-0363	PrimeRef-0363-QC	PrimeRef_0363_QC-2025	PrimeRef_0363_QC	Broad Brook
PrimeRef-0379	MA	2025	PrimeRef-0379	PrimeRef-0379	PrimeRef_0379-2025	PrimeRef_0379	Hemlock Brook
PrimeRef-4614	MA	2025	PrimeRef-4614	PrimeRef-4614	PrimeRef_4614-2025	PrimeRef_4614	Dunbar Brook
PrimeStrs-3779	MA	2025	PrimeStrs-3779	PrimeStrs-3779	PrimeStrs_3779-2025	PrimeStrs_3779	Mill River
PrimeRef-9677	MA	2025	PrimeRef-9677	PrimeRef-9677	PrimeRef_9677-2025	PrimeRef_9677	Rattlesnake Brook
PrimeRef-9677-QC	MA	2025	PrimeRef-9677	PrimeRef-9677-QC	PrimeRef_9677_QC-2025	PrimeRef_9677_QC	Rattlesnake Brook
OverStrs-8635	MA	2025	OverStrs-8635	OverStrs-8635	OverStrs_8635-2025	OverStrs_8635	Segreganset River
OverStrs-9519	MA	2025	OverStrs-9519	OverStrs-9519	OverStrs_9519-2025	OverStrs_9519	Wading River
PrimeStrs-6989	MA	2025	PrimeStrs-6989	PrimeStrs-6989	PrimeStrs_6989-2025	PrimeStrs_6989	Massapoag Brook
PrimeStrs-4305	MA	2025	PrimeStrs-4305	PrimeStrs-4305	PrimeStrs_4305-2025	PrimeStrs_4305	Cady Brook
PrimeStrs-8803	MA	2025	PrimeStrs-8803	PrimeStrs-8803	PrimeStrs_8803-2025	PrimeStrs_8803	West Branch Westfield River
PrimeRef-7271	MA	2025	PrimeRef-7271	PrimeRef-7271	PrimeRef_7271-2025	PrimeRef_7271	Sanderson Brook
PrimeStrs-8803-QC	MA	2025	PrimeStrs-8803	PrimeStrs-8803-QC	PrimeStrs_8803_QC-2025	PrimeStrs_8803_QC	West Branch Westfield River
PrimeStrs-1863	MA	2025	PrimeStrs-1863	PrimeStrs-1863	PrimeStrs_1863-2025	PrimeStrs_1863	North Branch Manhan River
PrimeStrs-97435	MA	2025	PrimeStrs-97435	PrimeStrs-97435	PrimeStrs_97435-2025	PrimeStrs_97435	Westfield River
PrimeRef-2325	MA	2025	PrimeRef-2325	PrimeRef-2325	PrimeRef_2325-2025	PrimeRef_2325	Unnamed Tributary
OverStrs-6365	MA	2025	OverStrs-6365	OverStrs-6365	OverStrs_6365-2025	OverStrs_6365	Horn Pond Brook
PrimeStrs-7435	MA	2025	PrimeStrs-7435	PrimeStrs-7435	PrimeStrs_7435-2025	PrimeStrs_7435	Charles River
PrimeRef-6366	MA	2025	PrimeRef-6366	PrimeRef-6366	PrimeRef_6366-2025	PrimeRef_6366	Tinkerville Brook
PrimeStrs-4829	MA	2025	PrimeStrs-4829	PrimeStrs-4829	PrimeStrs_4829-2025	PrimeStrs_4829	French River
PrimeStrs-4293	MA	2025	PrimeStrs-4293	PrimeStrs-4293	PrimeStrs_4293-2025	PrimeStrs_4293	French River
PrimeStrs-6327	MA	2025	PrimeStrs-6327	PrimeStrs-6327	PrimeStrs_6327-2025	PrimeStrs_6327	Kettle Brook
PrimeStrs-7147	MA	2025	PrimeStrs-7147	PrimeStrs-7147	PrimeStrs_7147-2025	PrimeStrs_7147	West Branch Farmington River
PrimeRef-5379	MA	2025	PrimeRef-5379	PrimeRef-5379	PrimeRef_5379-2025	PrimeRef_5379	Valley Brook
PrimeRef-6395	MA	2025	PrimeRef-6395	PrimeRef-6395	PrimeRef_6395-2025	PrimeRef_6395	Pond Brook
OverStrs-6971	MA	2025	OverStrs-6971	OverStrs-6971	OverStrs_6971-2025	OverStrs_6971	Quinebaug River
MassExtra-Ref-8749	MA	2025	MassExtra-Ref-8749	MassExtra-Ref-8749	MassExtra_Ref_8749-2025	MassExtra_Ref_8749	Trout Brook
PrimeStrs-5837	MA	2025	PrimeStrs-5837	PrimeStrs-5837	PrimeStrs_5837-2025	PrimeStrs_5837	Fall Brook
PrimeRef-0065	MA	2025	PrimeRef-0065	PrimeRef-0065	PrimeRef_0065-2025	PrimeRef_0065	East Branch Swift River
OverRef-7631	MA	2025	OverRef-7631	OverRef-7631	OverRef_7631-2025	OverRef_7631	Stevens Brook
PrimeStrs-7587	MA	2025	PrimeStrs-7587	PrimeStrs-7587	PrimeStrs_7587-2025	PrimeStrs_7587	Quinebaug River
PrimeStrs-8297	MA	2025	PrimeStrs-8297	PrimeStrs-8297	PrimeStrs_8297-2025	PrimeStrs_8297	Turkey Hill Brook
PrimeRef-8541	MA	2025	PrimeRef-8541	PrimeRef-8541	PrimeRef_8541-2025	PrimeRef_8541	Mill Brook
PrimeStrs-8773	MA	2025	PrimeStrs-8773	PrimeStrs-8773	PrimeStrs_8773-2025	PrimeStrs_8773	Not Available
PrimeStrs-8773-QC	MA	2025	PrimeStrs-8773	PrimeStrs-8773-QC	PrimeStrs_8773_QC-2025	PrimeStrs_8773_QC	Not Available
OverRef-3809	MA	2025	OverRef-3809	OverRef-3809	OverRef_3809-2025	OverRef_3809	Lyons Brook
PrimeRef-1781	MA	2025	PrimeRef-1781	PrimeRef-1781	PrimeRef_1781-2025	PrimeRef_1781	Roaring Brook
PrimeRef-8122	MA	2025	PrimeRef-8122	PrimeRef-8122	PrimeRef_8122-2025	PrimeRef_8122	Temple Brook
PrimeRef-0783	MA	2025	PrimeRef-0783	PrimeRef-0783	PrimeRef_0783-2025	PrimeRef_0783	Twelvemile Brook
OverStrs-1871	MA	2025	OverStrs-1871	OverStrs-1871	OverStrs_1871-2025	OverStrs_1871	Lampson Brook
OverRef-0897	MA	2025	OverRef-0897	OverRef-0897	OverRef_0897-2025	OverRef_0897	Amethyst Brook
OverStrs-0879	MA	2025	OverStrs-0879	OverStrs-0879	OverStrs_0879-2025	OverStrs_0879	West Branch Mill River
PrimeStrs-0917	MA	2025	PrimeStrs-0917	PrimeStrs-0917	PrimeStrs_0917-2025	PrimeStrs_0917	Fort River
W1057	MA	2025	W1057	W1057	W1057_2025	W1057	Not Available
